Ward,Searches,Searches which got estimate,Searches for Quotes,Searches which got Quotes,Bookings,Completed Trips,Search-to-estimate Rate,Rider Fare Acceptance Rate,Driver Quote Acceptance Rate,Quote-to-booking Rate,Cancelled Bookings,Booking Cancellation Rate,Driver Cancellation Rate,User Cancellation Rate,Conversion Rate,Drivers' Earnings,Average Distance per Trip (km),Average Fare per Trip,Distance Travelled (km)
"Other Wards","81,33,703","73,56,167","51,56,257","26,07,694","25,70,899","15,98,601","90.4%","70.1%","50.6%","98.6%","9,71,763","37.8%","21.6%","16.0%","19.7%","₹33,92,30,164","12.06","₹212.20","1,92,80,837"
"Shantala Nagar","61,75,930","58,50,155","52,95,242","21,13,091","20,87,971","11,83,212","94.7%","90.5%","39.9%","98.8%","9,04,224","43.3%","26.5%","16.6%","19.2%","₹17,82,90,234","7.79","₹150.68","92,20,985"
"Doddakanahalli","43,09,076","40,83,256","36,12,709","14,51,258","14,35,301","8,54,813","94.8%","88.5%","40.2%","98.9%","5,80,109","40.4%","25.3%","15.0%","19.8%","₹14,72,99,291","9.34","₹172.32","79,84,641"
"Koramangala","28,91,239","27,70,148","24,48,768","12,39,023","12,19,137","7,88,423","95.8%","88.4%","50.6%","98.4%","4,30,374","35.3%","20.0%","15.2%","27.3%","₹10,58,73,427","6.99","₹134.29","55,08,718"
"Agara","28,03,555","26,70,185","23,47,384","11,92,579","11,74,330","7,74,875","95.2%","87.9%","50.8%","98.5%","3,99,214","34.0%","19.1%","14.8%","27.6%","₹10,88,65,582","7.44","₹140.49","57,65,656"
"Adugodi","28,99,043","27,73,447","24,32,182","12,21,937","12,00,844","7,24,893","95.7%","87.7%","50.2%","98.3%","4,75,478","39.6%","23.2%","16.2%","25.0%","₹10,23,69,710","7.25","₹141.22","52,57,862"
"Suddagunte Palya","31,39,871","29,96,672","26,66,840","12,19,468","12,00,458","6,70,040","95.4%","89.0%","45.7%","98.4%","5,30,139","44.2%","25.8%","18.2%","21.3%","₹9,02,67,624","7.14","₹134.72","47,87,302"
"Vasanth Nagar","25,05,850","24,06,233","20,64,543","10,60,147","10,46,181","6,61,530","96.0%","85.8%","51.4%","98.7%","3,84,410","36.7%","21.9%","14.7%","26.4%","₹9,10,30,618","7.43","₹137.61","49,13,438"
"Bellanduru","33,12,034","31,15,433","28,26,424","10,72,734","10,59,482","6,28,941","94.1%","90.7%","38.0%","98.8%","4,30,287","40.6%","26.0%","14.4%","19.0%","₹11,08,61,709","9.64","₹176.27","60,60,170"
"Hoysala Nagar","18,82,291","18,17,706","15,49,979","8,38,880","8,29,737","5,61,009","96.6%","85.3%","54.1%","98.9%","2,68,527","32.4%","18.7%","13.5%","29.8%","₹7,03,30,374","6.42","₹125.36","36,04,227"
"HRBR Layout","14,14,664","13,81,975","11,42,054","7,79,028","7,71,119","5,40,707","97.7%","82.6%","68.2%","99.0%","2,30,262","29.9%","17.5%","12.2%","38.2%","₹6,68,86,228","6.49","₹123.70","35,06,627"
"Old Thippasandra","16,47,475","15,89,291","14,01,105","7,80,593","7,71,664","5,11,430","96.5%","88.2%","55.7%","98.9%","2,60,026","33.7%","19.7%","13.9%","31.0%","₹6,83,81,889","6.85","₹133.71","35,05,714"
"Domlur","18,07,689","17,32,280","15,40,677","7,79,577","7,70,684","5,09,139","95.8%","88.9%","50.6%","98.9%","2,61,339","33.9%","19.7%","14.0%","28.2%","₹7,05,53,170","7.10","₹138.57","36,13,283"
"Byrasandra","15,71,267","15,26,587","12,41,617","7,47,082","7,38,015","4,98,392","97.2%","81.3%","60.2%","98.8%","2,39,503","32.5%","18.4%","13.9%","31.7%","₹5,94,06,144","6.32","₹119.20","31,51,570"
"Marathahalli","28,91,076","27,39,744","24,09,107","9,05,589","8,95,323","4,93,171","94.8%","87.9%","37.6%","98.9%","4,01,922","44.9%","28.5%","16.2%","17.1%","₹8,87,99,418","9.68","₹180.06","47,74,722"
"Jakkuru","17,23,234","16,71,010","13,28,788","7,82,545","7,71,199","4,89,290","97.0%","79.5%","58.9%","98.6%","2,81,751","36.5%","22.9%","13.5%","28.4%","₹8,09,82,165","9.19","₹165.51","44,97,497"
"Sampangiram Nagar","24,15,108","23,04,921","19,88,946","9,14,118","9,04,119","4,78,454","95.4%","86.3%","46.0%","98.9%","4,25,491","47.1%","29.9%","17.0%","19.8%","₹7,10,32,770","8.05","₹148.46","38,51,266"
"Whitefield","23,02,818","22,00,727","18,84,182","7,71,389","7,63,449","4,59,816","95.6%","85.6%","40.9%","99.0%","3,03,474","39.8%","25.3%","14.3%","20.0%","₹7,62,60,013","8.17","₹165.85","37,57,763"
"Gandhinagar","14,92,209","14,60,346","10,17,640","7,19,398","7,10,628","4,42,946","97.9%","69.7%","70.7%","98.8%","2,67,557","37.7%","21.9%","15.6%","29.7%","₹6,82,95,165","8.42","₹154.18","37,30,069"
"Aramane Nagara","13,51,246","13,16,407","10,31,167","6,82,255","6,71,125","4,37,403","97.4%","78.3%","66.2%","98.4%","2,33,597","34.8%","20.0%","14.6%","32.4%","₹5,96,52,092","7.45","₹136.38","32,58,593"
"Madivala","17,35,039","16,65,828","14,35,657","7,01,033","6,90,490","4,08,201","96.0%","86.2%","48.8%","98.5%","2,82,142","40.9%","24.0%","16.7%","23.5%","₹5,21,23,668","6.70","₹127.69","27,36,443"
"Vinayakanagar","13,54,162","13,11,461","10,93,519","6,52,849","6,44,669","4,05,156","96.8%","83.4%","59.7%","98.7%","2,39,370","37.1%","22.1%","14.9%","29.9%","₹5,48,92,811","7.22","₹135.49","29,27,121"
"J P Nagar","12,95,171","12,61,086","10,30,166","6,33,790","6,25,139","4,03,747","97.4%","81.7%","61.5%","98.6%","2,21,237","35.4%","20.6%","14.6%","31.2%","₹5,09,19,121","6.68","₹126.12","26,97,512"
"Munnekollala","25,05,353","23,59,723","21,09,241","7,29,672","7,20,370","4,01,549","94.2%","89.4%","34.6%","98.7%","3,18,668","44.2%","28.8%","15.3%","16.0%","₹7,21,43,673","9.77","₹179.66","39,21,357"
"Jeevanbhima Nagar","16,56,897","15,80,617","14,14,608","6,54,347","6,44,992","3,94,328","95.4%","89.5%","46.3%","98.6%","2,50,492","38.8%","24.0%","14.7%","23.8%","₹6,01,46,830","8.14","₹152.53","32,10,564"
"Horamavu","13,87,106","13,42,860","10,91,181","6,08,002","6,00,015","3,94,045","96.8%","81.3%","55.7%","98.7%","2,05,868","34.3%","21.9%","12.3%","28.4%","₹6,14,05,286","7.78","₹155.83","30,64,046"
"Hudi","17,97,313","17,22,617","14,62,665","6,55,092","6,48,984","3,88,187","95.8%","84.9%","44.8%","99.1%","2,60,641","40.2%","26.4%","13.6%","21.6%","₹6,55,26,705","9.13","₹168.80","35,43,856"
"Kempapura","12,39,705","12,06,797","9,46,226","6,02,477","5,93,910","3,88,178","97.3%","78.4%","63.7%","98.6%","2,05,615","34.6%","21.3%","13.2%","31.3%","₹5,81,62,340","8.27","₹149.83","32,11,904"
"Ejipura","14,69,711","14,14,186","12,35,921","6,38,649","6,31,152","3,80,603","96.2%","87.4%","51.7%","98.8%","2,50,386","39.7%","24.1%","15.5%","25.9%","₹4,94,61,250","6.76","₹129.96","25,73,279"
"New Thippasandra","13,08,843","12,54,803","10,89,409","5,58,326","5,51,711","3,66,439","95.9%","86.8%","51.3%","98.8%","1,85,151","33.6%","20.3%","13.2%","28.0%","₹5,20,13,826","7.55","₹141.94","27,65,203"
"Banasavadi","11,36,061","11,01,656","9,11,961","5,35,611","5,28,799","3,59,857","97.0%","82.8%","58.7%","98.7%","1,68,821","31.9%","19.5%","12.3%","31.7%","₹4,83,97,295","7.21","₹134.49","25,94,545"
"Pulikeshinagar","11,31,155","10,96,676","9,23,708","5,41,704","5,36,749","3,56,970","97.0%","84.2%","58.6%","99.1%","1,79,653","33.5%","19.9%","13.4%","31.6%","₹4,15,30,304","5.99","₹116.34","21,39,072"
"Ulsoor","15,22,626","14,48,321","13,00,199","5,86,827","5,80,888","3,51,878","95.1%","89.8%","45.1%","99.0%","2,28,884","39.4%","24.3%","15.0%","23.1%","₹4,95,08,620","7.45","₹140.70","26,19,913"
"Hennur","11,58,513","11,28,034","8,86,617","5,48,686","5,42,361","3,50,120","97.4%","78.6%","61.9%","98.8%","1,92,133","35.4%","21.6%","13.6%","30.2%","₹4,80,52,741","7.43","₹137.25","26,01,170"
"Kalkere","14,50,871","13,95,388","11,73,159","5,38,212","5,33,089","3,48,320","96.2%","84.1%","45.9%","99.0%","1,84,656","34.6%","23.2%","11.3%","24.0%","₹5,57,09,319","8.75","₹159.94","30,48,245"
"Belathur","14,36,630","13,89,950","10,97,322","5,55,177","5,49,856","3,45,165","96.8%","78.9%","50.6%","99.0%","2,04,569","37.2%","23.5%","13.6%","24.0%","₹5,60,53,762","8.85","₹162.40","30,55,837"
"Shakambari Nagar","10,18,028","9,95,245","7,66,787","5,08,897","5,01,617","3,41,186","97.8%","77.0%","66.4%","98.6%","1,60,324","32.0%","18.1%","13.8%","33.5%","₹4,01,44,323","6.25","₹117.66","21,30,847"
"HSR - Singasandra","14,80,692","14,12,927","11,92,948","5,79,141","5,70,306","3,30,971","95.4%","84.4%","48.5%","98.5%","2,39,223","41.9%","25.4%","16.4%","22.4%","₹4,90,05,197","7.99","₹148.06","26,45,705"
"AECS Layout","17,49,337","16,64,213","14,42,490","5,54,821","5,48,896","3,27,204","95.1%","86.7%","38.5%","98.9%","2,21,561","40.4%","25.6%","14.6%","18.7%","₹5,33,82,754","8.69","₹163.15","28,43,970"
"C V Raman Nagar","13,30,270","12,72,727","10,67,949","5,30,752","5,25,475","3,26,671","95.7%","83.9%","49.7%","99.0%","1,98,703","37.8%","24.2%","13.5%","24.6%","₹4,56,70,694","7.47","₹139.81","24,41,018"
"Dodda Nekkundi","15,25,394","14,51,172","12,38,282","5,37,224","5,31,190","3,24,385","95.1%","85.3%","43.4%","98.9%","2,06,687","38.9%","24.5%","14.2%","21.3%","₹5,40,62,794","9.06","₹166.66","29,39,259"
"Mahadevapura","14,00,421","13,35,681","11,30,692","5,18,510","5,13,486","3,17,414","95.4%","84.7%","45.9%","99.0%","1,95,971","38.2%","24.8%","13.3%","22.7%","₹4,82,85,879","8.13","₹152.12","25,81,024"
"Jnana Bharathi","7,91,319","7,81,734","5,54,281","4,44,695","4,38,818","3,03,604","98.8%","70.9%","80.2%","98.7%","1,35,120","30.8%","18.3%","12.4%","38.4%","₹3,93,14,202","7.18","₹129.49","21,78,875"
"Subramanyapura","8,94,200","8,75,115","6,76,594","4,46,812","4,40,094","3,02,614","97.9%","77.3%","66.0%","98.5%","1,37,393","31.2%","20.6%","10.5%","33.8%","₹4,23,85,132","7.78","₹140.06","23,53,641"
"Byatarayanapura","8,91,249","8,70,868","6,70,240","4,60,644","4,54,786","3,00,591","97.7%","77.0%","68.7%","98.7%","1,54,109","33.9%","21.2%","12.5%","33.7%","₹4,75,24,236","8.73","₹158.10","26,24,418"
"Vishveshwara Puram","9,89,717","9,64,120","7,42,530","4,70,108","4,64,423","2,98,867","97.4%","77.0%","63.3%","98.8%","1,65,462","35.6%","20.4%","15.1%","30.2%","₹3,57,56,474","6.41","₹119.64","19,14,659"
"Babusab Palya","11,09,795","10,68,908","9,00,817","4,70,084","4,64,548","2,98,068","96.3%","84.3%","52.2%","98.8%","1,66,381","35.8%","23.2%","12.4%","26.9%","₹4,13,20,282","7.42","₹138.63","22,12,743"
"Kalena Agrahara","11,71,800","11,23,459","9,27,462","4,55,468","4,49,212","2,92,629","95.9%","82.6%","49.1%","98.6%","1,56,499","34.8%","21.9%","12.8%","25.0%","₹5,05,83,774","9.64","₹172.86","28,21,446"
"BTM Layout","13,83,552","13,22,906","11,23,602","5,04,478","4,97,052","2,89,354","95.6%","84.9%","44.9%","98.5%","2,07,608","41.8%","25.5%","16.1%","20.9%","₹3,85,49,287","7.04","₹133.23","20,36,827"
"Sarakki","8,30,093","8,13,200","6,50,891","4,44,246","4,37,813","2,87,937","98.0%","80.0%","68.3%","98.6%","1,49,780","34.2%","19.5%","14.6%","34.7%","₹3,43,19,249","6.24","₹119.19","17,96,957"
"Hulimavu","10,10,099","9,78,401","7,95,032","4,46,394","4,40,252","2,85,485","96.9%","81.3%","56.1%","98.6%","1,54,674","35.1%","20.5%","14.4%","28.3%","₹4,09,71,638","7.79","₹143.52","22,23,785"
"Jogupalya","9,38,290","9,02,420","7,91,406","4,26,844","4,21,846","2,81,264","96.2%","87.7%","53.9%","98.8%","1,40,495","33.3%","20.1%","13.0%","30.0%","₹3,53,48,600","6.55","₹125.68","18,43,196"
"Rajarajeshwari Nagar","7,08,636","7,00,290","4,92,694","4,02,470","3,95,861","2,80,274","98.8%","70.4%","81.7%","98.4%","1,15,507","29.2%","18.1%","10.9%","39.6%","₹4,01,08,300","8.06","₹143.10","22,58,104"
"N S Palya","10,68,393","10,26,920","8,66,894","4,40,922","4,34,241","2,79,749","96.1%","84.4%","50.9%","98.5%","1,54,400","35.6%","20.6%","14.8%","26.2%","₹3,74,55,143","7.14","₹133.89","19,97,385"
"Ibluru","11,95,368","11,31,972","10,04,433","4,46,585","4,40,481","2,75,486","94.7%","88.7%","44.5%","98.6%","1,64,903","37.4%","22.1%","15.2%","23.0%","₹4,26,96,317","8.36","₹154.99","23,03,358"
"Kogilu","8,15,822","7,99,132","5,52,521","4,10,022","4,02,198","2,69,179","98.0%","69.1%","74.2%","98.1%","1,32,949","33.1%","19.7%","13.2%","33.0%","₹5,13,95,203","10.98","₹190.93","29,54,423"
"Hemmigepura","8,29,971","8,11,935","5,62,398","4,02,505","3,97,417","2,68,230","97.8%","69.3%","71.6%","98.7%","1,29,116","32.5%","19.6%","12.7%","32.3%","₹3,90,21,266","8.16","₹145.48","21,87,721"
"Rupenaagrahara","11,54,753","11,05,512","9,34,486","4,48,029","4,41,381","2,66,238","95.7%","84.5%","47.9%","98.5%","1,75,042","39.7%","23.9%","15.6%","23.1%","₹4,10,37,315","8.38","₹154.14","22,30,016"
"A Narayanapura","11,53,797","11,09,890","8,83,927","4,38,967","4,34,572","2,52,472","96.2%","79.6%","49.7%","99.0%","1,82,000","41.9%","27.4%","14.3%","21.9%","₹3,89,95,401","7.49","₹154.45","18,90,906"
"Lingarajapura","7,17,130","6,95,224","5,94,931","3,74,306","3,70,599","2,51,720","96.9%","85.6%","62.9%","99.0%","1,18,813","32.1%","20.0%","12.0%","35.1%","₹3,05,56,688","6.36","₹121.39","16,01,567"
"Konena Agrahara","9,75,967","9,32,078","8,19,566","3,91,007","3,86,944","2,49,949","95.5%","87.9%","47.7%","99.0%","1,36,917","35.4%","21.8%","13.4%","25.6%","₹3,72,39,910","7","₹148.99","19,98,433"
"Kadu Malleshwara","5,98,967","5,89,491","4,53,738","3,50,976","3,46,332","2,49,721","98.4%","77.0%","77.4%","98.7%","96,556","27.9%","15.8%","12.0%","41.7%","₹3,23,40,396","7.13","₹129.51","17,81,303"
"Konanakunte","7,39,911","7,26,436","5,45,150","3,86,180","3,80,579","2,47,642","98.2%","75.0%","70.8%","98.5%","1,32,875","34.9%","21.3%","13.5%","33.5%","₹3,17,41,469","6.87","₹128.17","17,01,463"
"Subhash Nagar","8,26,526","8,11,379","5,51,196","4,02,533","3,97,920","2,44,249","98.2%","67.9%","73.0%","98.9%","1,53,616","38.6%","22.4%","16.0%","29.6%","₹3,93,23,085","8.76","₹160","21,39,491"
"Sunkenahalli","6,39,137","6,25,957","4,90,200","3,52,297","3,47,592","2,40,678","97.9%","78.3%","71.9%","98.7%","1,06,867","30.7%","17.3%","13.3%","37.7%","₹2,88,29,889","6.49","₹119.79","15,63,046"
"Amrutahalli","7,67,037","7,44,448","5,84,716","3,71,573","3,66,956","2,39,311","97.1%","78.5%","63.5%","98.8%","1,27,578","34.8%","22.0%","12.6%","31.2%","₹3,74,48,934","8.66","₹156.49","20,73,129"
"Lal Bahadur Nagar","7,95,315","7,68,699","6,11,842","3,47,792","3,44,065","2,30,796","96.7%","79.6%","56.8%","98.9%","1,13,185","32.9%","20.9%","11.9%","29.0%","₹3,17,60,558","7.37","₹137.61","17,01,123"
"Radhakrishna Temple Ward","5,82,421","5,71,951","4,47,898","3,36,596","3,30,692","2,28,800","98.2%","78.3%","75.2%","98.2%","1,01,825","30.8%","18.1%","12.6%","39.3%","₹3,10,92,137","7.44","₹135.89","17,01,588"
"Jalakanteshwara Nagara","9,04,290","8,61,166","7,55,997","3,34,978","3,32,247","2,24,797","95.2%","87.8%","44.3%","99.2%","1,07,387","32.3%","20.4%","11.8%","24.9%","₹3,27,54,793","7.77","₹145.71","17,45,793"
"Devasandra","8,27,702","7,99,118","6,70,570","3,66,411","3,62,970","2,18,045","96.5%","83.9%","54.6%","99.1%","1,44,849","39.9%","24.8%","15.0%","26.3%","₹3,53,22,061","8.55","₹161.99","18,64,876"
"Nagapura","5,64,496","5,58,329","3,90,327","3,21,518","3,16,866","2,17,507","98.9%","69.9%","82.4%","98.6%","99,315","31.3%","16.7%","14.4%","38.5%","₹2,75,33,503","6.89","₹126.59","14,98,565"
"Maruthi Seva Nagar","6,77,215","6,56,332","5,48,582","3,31,825","3,28,848","2,14,191","96.9%","83.6%","60.5%","99.1%","1,14,585","34.8%","21.4%","13.2%","31.6%","₹2,82,92,721","7.07","₹132.09","15,13,411"
"Sanjaya Nagar","6,04,320","5,91,660","4,49,968","3,12,477","3,07,888","2,10,960","97.9%","76.1%","69.4%","98.5%","96,858","31.5%","19.4%","11.9%","34.9%","₹2,96,74,367","7.77","₹140.66","16,39,449"
"Subramanya Nagar","5,79,225","5,71,004","4,29,604","3,30,795","3,26,061","2,06,119","98.6%","75.2%","77.0%","98.6%","1,19,873","36.8%","21.1%","15.5%","35.6%","₹2,89,54,817","7.58","₹140.48","15,62,758"
"Hombegowda Nagara","7,46,035","7,16,717","5,98,102","3,17,894","3,14,200","2,02,581","96.1%","83.5%","53.2%","98.8%","1,11,571","35.5%","20.8%","14.6%","27.2%","₹2,50,93,315","6.62","₹123.87","13,40,504"
"Arakere","7,12,903","6,87,432","5,61,292","3,07,937","3,04,024","2,01,838","96.4%","81.7%","54.9%","98.7%","1,02,133","33.6%","20.4%","13.0%","28.3%","₹2,93,88,278","7.96","₹145.60","16,06,044"
"Bilekhalli","8,12,758","7,78,037","6,62,575","3,18,506","3,14,420","1,98,382","95.7%","85.2%","48.1%","98.7%","1,15,968","36.9%","22.5%","14.3%","24.4%","₹2,86,13,188","7.79","₹144.23","15,44,980"
"Dharmaraya Swamy Temple Ward","9,25,200","8,85,302","7,39,110","3,80,788","3,76,607","1,94,531","95.7%","83.5%","51.5%","98.9%","1,81,998","48.3%","29.7%","18.5%","21.0%","₹2,87,94,875","8.21","₹148.02","15,96,709"
"Ganesh Mandir ward","4,85,922","4,78,721","3,69,891","2,79,353","2,75,727","1,94,275","98.5%","77.3%","75.5%","98.7%","81,400","29.5%","16.9%","12.5%","40.0%","₹2,21,30,706","6.12","₹113.91","11,88,254"
"Kacharkanahalli","5,80,056","5,65,841","4,56,842","2,89,543","2,86,980","1,91,249","97.5%","80.7%","63.4%","99.1%","95,663","33.3%","20.3%","12.8%","33.0%","₹2,37,82,366","6.62","₹124.35","12,65,555"
"Ashoka Pillar","6,29,383","6,09,371","4,99,168","2,91,116","2,87,622","1,90,297","96.8%","81.9%","58.3%","98.8%","97,262","33.8%","20.5%","13.2%","30.2%","₹2,26,67,748","6.34","₹119.12","12,05,562"
"Hebbala","5,78,400","5,64,464","4,41,299","2,86,364","2,82,845","1,87,833","97.6%","78.2%","64.9%","98.8%","94,960","33.6%","20.8%","12.6%","32.5%","₹2,64,67,092","7.77","₹140.91","14,58,661"
"Ramamurthy Nagara","6,81,404","6,58,989","5,34,874","2,81,649","2,79,354","1,87,457","96.7%","81.2%","52.7%","99.2%","91,849","32.9%","21.0%","11.8%","27.5%","₹2,59,21,347","7.43","₹138.28","13,92,553"
"Yediyur","5,50,259","5,35,277","4,34,278","2,79,211","2,75,506","1,86,060","97.3%","81.1%","64.3%","98.7%","89,382","32.4%","19.1%","13.2%","33.8%","₹2,25,48,159","6.49","₹121.19","12,08,146"
"Ganga Nagar","5,19,855","5,09,146","3,97,606","2,75,062","2,71,596","1,85,774","97.9%","78.1%","69.2%","98.7%","85,753","31.6%","19.1%","12.4%","35.7%","₹2,38,29,938","6.95","₹128.27","12,90,231"
"Chatrapati Shivaji","6,71,683","6,57,974","4,41,306","3,10,627","3,05,852","1,82,248","98.0%","67.1%","70.4%","98.5%","1,23,552","40.4%","25.1%","15.1%","27.1%","₹3,12,33,266","9.54","₹171.38","17,38,203"
"Veeramadakari","5,77,909","5,64,603","4,12,022","2,77,621","2,73,780","1,81,922","97.7%","73.0%","67.4%","98.6%","91,790","33.5%","19.9%","13.5%","31.5%","₹2,42,64,082","7.36","₹133.38","13,38,490"
"Vijnana Nagar","7,60,478","7,22,782","6,29,345","2,69,833","2,67,549","1,81,267","95.0%","87.1%","42.9%","99.2%","86,233","32.2%","20.6%","11.5%","23.8%","₹2,83,48,452","8.45","₹156.39","15,31,803"
"RBI layout","5,83,247","5,64,017","4,68,344","2,73,828","2,70,608","1,79,349","96.7%","83.0%","58.5%","98.8%","91,216","33.7%","20.8%","12.7%","30.8%","₹2,49,90,795","7.56","₹139.34","13,55,276"
"Basavanagudi","4,55,249","4,47,188","3,43,999","2,53,735","2,49,761","1,79,165","98.2%","76.9%","73.8%","98.4%","70,556","28.2%","15.9%","12.2%","39.4%","₹2,08,25,444","6.28","₹116.24","11,25,980"
"Varthuru","12,07,138","11,29,459","9,94,364","3,00,886","2,98,099","1,79,025","93.6%","88.0%","30.3%","99.1%","1,19,021","39.9%","26.2%","13.6%","14.8%","₹3,79,04,491","11.80","₹211.73","21,12,579"
"Shanthi Nagar","7,56,655","7,20,229","6,37,343","2,89,636","2,85,955","1,78,132","95.2%","88.5%","45.4%","98.7%","1,07,758","37.7%","22.2%","15.3%","23.5%","₹2,14,89,049","6.37","₹120.64","11,34,249"
"New Bayappanahalli","6,72,045","6,44,133","5,49,158","2,85,301","2,82,390","1,77,274","95.8%","85.3%","52.0%","99.0%","1,05,036","37.2%","23.3%","13.7%","26.4%","₹2,32,43,584","6.99","₹131.12","12,38,426"
"Kodigehalli","5,00,037","4,88,554","3,77,387","2,63,017","2,59,390","1,77,004","97.7%","77.2%","69.7%","98.6%","82,324","31.7%","20.4%","11.2%","35.4%","₹2,52,52,285","7.90","₹142.67","13,99,188"
"Vidyaranyapura","4,15,615","4,10,128","2,94,681","2,38,438","2,35,496","1,76,573","98.7%","71.9%","80.9%","98.8%","58,872","25.0%","15.3%","9.6%","42.5%","₹2,63,38,658","8.39","₹149.17","14,81,407"
"Vasanthpura","5,01,551","4,92,925","3,66,565","2,61,344","2,58,262","1,76,167","98.3%","74.4%","71.3%","98.8%","82,054","31.8%","19.9%","11.7%","35.1%","₹2,28,39,011","7.08","₹129.64","12,46,840"
"Kaval Bairasandra","5,53,121","5,37,133","4,36,051","2,61,573","2,58,098","1,73,449","97.1%","81.2%","60.0%","98.7%","84,609","32.8%","20.2%","12.4%","31.4%","₹2,28,56,334","7.12","₹131.78","12,34,249"
"Chunchaghatta","5,35,174","5,20,265","4,09,460","2,44,119","2,41,222","1,66,979","97.2%","78.7%","59.6%","98.8%","74,193","30.8%","18.9%","11.7%","31.2%","₹2,39,15,623","7.11","₹143.23","11,87,846"
"Hagadur","7,56,040","7,26,661","6,00,159","2,71,174","2,68,512","1,66,171","96.1%","82.6%","45.2%","99.0%","1,02,286","38.1%","23.8%","14.1%","22.0%","₹2,79,89,969","9.20","₹168.44","15,28,466"
"Jakkasandra","7,05,771","6,79,427","5,57,357","2,77,361","2,74,032","1,62,095","96.3%","82.0%","49.8%","98.8%","1,11,887","40.8%","25.1%","15.6%","23.0%","₹2,30,82,346","7.68","₹142.40","12,44,192"
"Girinagar","3,73,748","3,69,996","2,68,248","2,21,300","2,18,381","1,60,853","99.0%","72.5%","82.5%","98.7%","57,496","26.3%","15.5%","10.7%","43.0%","₹1,90,90,919","6.50","₹118.69","10,46,327"
"Jayamahal","6,08,291","5,90,860","4,64,711","2,69,790","2,67,530","1,60,831","97.1%","78.6%","58.1%","99.2%","1,06,659","39.9%","25.2%","14.5%","26.4%","₹2,27,17,531","7.43","₹141.25","11,95,113"
"Jayachamarajendra  Nagar","4,68,083","4,56,791","3,64,039","2,37,023","2,34,271","1,60,140","97.6%","79.7%","65.1%","98.8%","74,077","31.6%","18.9%","12.6%","34.2%","₹2,06,75,232","6.99","₹129.11","11,19,438"
"Puttenahalli - Sarakki Lake","4,99,831","4,87,067","3,89,825","2,45,926","2,42,983","1,59,897","97.4%","80.0%","63.1%","98.8%","83,038","34.2%","20.1%","13.9%","32.0%","₹2,07,98,750","6","₹130.08","11,18,909"
"K R Puram","7,18,416","6,93,569","5,32,887","2,62,273","2,60,237","1,58,138","96.5%","76.8%","49.2%","99.2%","1,02,051","39.2%","25.5%","13.6%","22.0%","₹2,43,24,257","8.41","₹153.82","13,30,585"
"Malleswaram","4,25,449","4,18,141","3,11,327","2,30,945","2,27,926","1,57,514","98.3%","74.5%","74.2%","98.7%","70,361","30.9%","17.3%","13.4%","37.0%","₹1,91,75,883","6.61","₹121.74","10,40,773"
"Chamrajapet","5,19,535","5,06,609","3,86,803","2,62,230","2,59,176","1,55,037","97.5%","76.4%","67.8%","98.8%","1,04,108","40.2%","24.7%","15.3%","29.8%","₹1,99,19,207","7.05","₹128.48","10,93,290"
"Begur","6,55,904","6,29,039","5,09,683","2,49,945","2,46,707","1,54,927","95.9%","81.0%","49.0%","98.7%","91,730","37.2%","23.3%","13.8%","23.6%","₹2,63,80,105","9.52","₹170.27","14,74,587"
"Kempegowda Ward","5,84,500","5,64,065","4,09,864","2,47,362","2,44,501","1,54,893","96.5%","72.7%","60.4%","98.8%","89,558","36.6%","21.5%","14.9%","26.5%","₹2,78,29,764","10.28","₹179.67","15,92,693"
"Uttarahalli","4,69,157","4,59,412","3,54,260","2,30,547","2,26,976","1,53,992","97.9%","77.1%","65.1%","98.5%","72,947","32.1%","20.8%","11.2%","32.8%","₹2,00,59,734","6.42","₹130.26","9,88,601"
"Thanisandra","4,44,208","4,36,120","3,20,512","2,30,348","2,26,943","1,51,710","98.2%","73.5%","71.9%","98.5%","75,175","33.1%","20.0%","13.0%","34.2%","₹2,38,67,651","8.75","₹157.32","13,27,281"
"Yelahanka Satellite Town","4,12,935","4,06,702","2,85,146","2,31,416","2,28,623","1,51,433","98.5%","70.1%","81.2%","98.8%","77,145","33.7%","20.3%","13.3%","36.7%","₹2,34,05,271","8.71","₹154.56","13,19,114"
"Medahalli","6,09,865","5,88,452","4,73,503","2,33,305","2,31,445","1,50,413","96.5%","80.5%","49.3%","99.2%","80,991","35.0%","22.7%","12.1%","24.7%","₹2,52,79,908","9.34","₹168.07","14,04,713"
"Ramaswamy Palya","4,71,406","4,54,602","3,87,732","2,23,055","2,20,802","1,50,356","96.4%","85.3%","57.5%","99.0%","70,397","31.9%","19.6%","12.2%","31.9%","₹1,78,00,464","6.23","₹118.39","9,36,669"
"Padmanabha Nagar","3,96,207","3,89,461","2,98,818","2,13,051","2,09,360","1,47,862","98.3%","76.7%","71.3%","98.3%","61,462","29.4%","17.5%","11.7%","37.3%","₹1,75,57,143","6.42","₹118.74","9,49,703"
"Anjanapura","4,40,641","4,29,427","3,21,914","2,17,816","2,13,140","1,47,404","97.5%","75.0%","67.7%","97.9%","65,700","30.8%","19.0%","11.7%","33.5%","₹2,22,50,295","8.45","₹150.95","12,45,905"
"Umamaheshwara Ward","4,07,708","3,99,476","3,06,145","2,16,156","2,13,102","1,46,041","98.0%","76.6%","70.6%","98.6%","67,016","31.4%","18.0%","13.3%","35.8%","₹1,76,53,022","6.51","₹120.88","9,50,643"
"Shettihalli","4,38,537","4,29,636","3,06,527","2,21,389","2,18,218","1,45,393","98.0%","71.3%","72.2%","98.6%","72,780","33.4%","20.0%","13.1%","33.2%","₹1,93,68,674","7.44","₹133.22","10,81,765"
"Neelasandra","6,11,897","5,83,801","5,13,696","2,35,261","2,33,021","1,43,971","95.4%","88.0%","45.8%","99.0%","89,005","38.2%","23.3%","14.7%","23.5%","₹1,73,58,225","6.23","₹120.57","8,97,525"
"Garudachar Playa","6,15,240","5,89,345","4,95,325","2,43,554","2,40,920","1,43,479","95.8%","84.0%","49.2%","98.9%","97,374","40.4%","25.7%","14.6%","23.3%","₹2,25,90,978","8.40","₹157.45","12,05,191"
"Lakkasandra","6,57,335","6,26,957","5,43,592","2,41,100","2,38,593","1,41,521","95.4%","86.7%","44.4%","99.0%","96,996","40.7%","25.7%","14.8%","21.5%","₹1,86,30,286","7.07","₹131.64","10,01,125"
"Basavanapura","6,36,012","6,09,524","4,90,027","2,25,021","2,22,878","1,40,749","95.8%","80.4%","45.9%","99.0%","82,092","36.8%","24.4%","12.3%","22.1%","₹2,48,20,332","9.80","₹176.34","13,79,008"
"Dattatreya Temple","3,54,523","3,48,159","2,64,683","1,99,812","1,97,500","1,37,539","98.2%","76.0%","75.5%","98.8%","59,927","30.3%","16.7%","13.5%","38.8%","₹1,73,40,376","6.88","₹126.08","9,45,972"
"Kanneshwara Rama","3,63,299","3,56,531","2,68,206","1,92,327","1,90,137","1,29,919","98.1%","75.2%","71.7%","98.9%","60,184","31.7%","19.4%","12.1%","35.8%","₹1,69,86,844","7.20","₹130.75","9,35,570"
"Katriguppe","3,31,418","3,26,739","2,44,548","1,88,022","1,85,131","1,29,534","98.6%","74.8%","76.9%","98.5%","55,561","30.0%","18.1%","11.7%","39.1%","₹1,52,41,620","6.38","₹117.67","8,26,831"
"Vishwanath Nagenahalli","4,31,705","4,18,274","3,32,538","1,94,923","1,93,204","1,27,759","96.9%","79.5%","58.6%","99.1%","65,417","33.9%","21.4%","12.3%","29.6%","₹1,72,36,197","7.33","₹134.91","9,36,286"
"Kumaraswamy Layout","3,56,644","3,52,254","2,61,395","1,92,541","1,90,031","1,27,716","98.8%","74.2%","73.7%","98.7%","62,278","32.8%","17.8%","14.8%","35.8%","₹1,50,82,731","6.39","₹118.10","8,16,648"
"Sudham Nagara","5,43,742","5,22,023","4,34,986","2,18,172","2,15,611","1,26,864","96.0%","83.3%","50.2%","98.8%","88,696","41.1%","25.7%","15.3%","23.3%","₹1,77,42,735","7.63","₹139.86","9,68,605"
"Kuvempunagar","3,68,390","3,61,030","2,58,927","1,88,080","1,85,357","1,26,081","98.0%","71.7%","72.6%","98.6%","59,235","32.0%","19.8%","12.0%","34.2%","₹1,90,15,017","8.54","₹150.82","10,76,570"
"Someshwara Ward","3,39,400","3,34,152","2,32,672","1,87,464","1,85,104","1,25,899","98.5%","69.6%","80.6%","98.7%","59,168","32.0%","18.8%","13.0%","37.1%","₹2,14,49,580","9.74","₹170.37","12,25,959"
"Attiguppe","2,99,933","2,97,455","2,01,808","1,74,532","1,71,294","1,25,223","99.2%","67.8%","86.5%","98.1%","46,044","26.9%","14.5%","12.3%","41.8%","₹1,52,13,111","6.65","₹121.49","8,32,223"
"Devarachikkanahalli","5,40,468","5,16,500","4,30,410","1,99,287","1,96,722","1,24,701","95.6%","83.3%","46.3%","98.7%","71,979","36.6%","23.2%","13.3%","23.1%","₹1,90,87,671","8.39","₹153.07","10,46,018"
"HAL Airport","5,59,829","5,35,091","4,47,752","1,95,219","1,93,321","1,24,700","95.6%","83.7%","43.6%","99.0%","68,583","35.5%","22.8%","12.5%","22.3%","₹1,99,08,006","8.76","₹159.65","10,92,695"
"Someshwara Nagar","5,54,735","5,34,184","4,36,851","2,15,081","2,12,908","1,24,282","96.3%","81.8%","49.2%","99.0%","88,589","41.6%","26.6%","14.8%","22.4%","₹1,77,02,097","7.80","₹142.43","9,69,248"
"Mattikere","3,23,372","3,18,705","2,33,707","1,79,649","1,77,159","1,22,141","98.6%","73.3%","76.9%","98.6%","54,989","31.0%","17.6%","13.3%","37.8%","₹1,50,40,741","6.68","₹123.14","8,16,386"
"Gurappanapalya","5,29,411","5,09,520","4,19,329","2,24,303","2,21,598","1,18,027","96.2%","82.3%","53.5%","98.8%","1,03,528","46.7%","31.5%","15.1%","22.3%","₹1,55,66,736","7.04","₹131.89","8,30,463"
"Dodda Bommasandra","3,47,652","3,40,437","2,50,451","1,74,061","1,71,957","1,16,718","97.9%","73.6%","69.5%","98.8%","55,203","32.1%","19.9%","12.0%","33.6%","₹1,63,78,450","7.83","₹140.32","9,13,736"
"Kudlu","5,71,344","5,40,434","4,69,389","1,89,567","1,87,569","1,16,291","94.6%","86.9%","40.4%","98.9%","71,248","38.0%","23.7%","14.2%","20.4%","₹1,97,31,970","9.33","₹169.68","10,85,233"
"Manorayanapalya","3,89,110","3,77,697","2,97,469","1,77,952","1,75,586","1,15,429","97.1%","78.8%","59.8%","98.7%","60,121","34.2%","21.5%","12.6%","29.7%","₹1,53,93,755","7.21","₹133.36","8,32,116"
"Sir M. Vishweshwaraiah","2,76,503","2,74,272","1,82,355","1,59,413","1,56,885","1,13,397","99.2%","66.5%","87.4%","98.4%","43,460","27.7%","16.8%","10.7%","41.0%","₹1,60,54,088","8.09","₹141.57","9,17,115"
"Nalvadi Krishnaraja Wadior Park","2,74,143","2,72,137","1,78,396","1,57,389","1,54,384","1,11,780","99.3%","65.6%","88.2%","98.1%","42,573","27.6%","15.8%","11.7%","40.8%","₹1,62,82,798","8.32","₹145.67","9,30,033"
"Okalipuram","3,51,137","3,44,858","2,64,385","1,91,738","1,89,834","1,11,643","98.2%","76.7%","72.5%","99.0%","78,165","41.2%","23.8%","17.2%","31.8%","₹1,56,15,131","7.44","₹139.87","8,31,090"
"Chokkasandra","3,94,758","3,85,080","2,95,134","1,88,193","1,85,779","1,08,645","97.5%","76.6%","63.8%","98.7%","77,098","41.5%","20.4%","20.9%","27.5%","₹1,12,42,975","5.38","₹103.48","5,85,033"
"Rajamahal Guttahalli","2,94,720","2,87,787","2,25,107","1,57,300","1,55,516","1,08,569","97.6%","78.2%","69.9%","98.9%","46,917","30.2%","17.5%","12.5%","36.8%","₹1,31,70,053","6.57","₹121.31","7,12,759"
"Chamundi Nagara","3,31,199","3,23,483","2,52,585","1,62,292","1,60,702","1,07,436","97.7%","78.1%","64.3%","99.0%","53,239","33.1%","20.8%","12.2%","32.4%","₹1,28,87,060","6.35","₹119.95","6,82,127"
"Bande Mutt","3,78,262","3,72,156","2,32,792","1,65,727","1,63,301","1,06,482","98.4%","62.6%","71.2%","98.5%","56,787","34.8%","20.5%","14.1%","28.2%","₹1,55,26,167","8.20","₹145.81","8,73,291"
"Vikram Nagar","2,91,666","2,86,673","2,15,189","1,53,283","1,50,855","1,05,587","98.3%","75.1%","71.2%","98.4%","45,241","30.0%","18.3%","11.6%","36.2%","₹1,34,48,557","6.96","₹127.37","7,35,170"
"Tilak Nagar","4,27,606","4,11,554","3,43,555","1,79,519","1,77,379","1,05,242","96.2%","83.5%","52.3%","98.8%","72,095","40.6%","25.2%","15.3%","24.6%","₹1,29,98,680","6.52","₹123.51","6,86,362"
"Hanumanth Nagar","2,67,737","2,64,239","1,89,974","1,49,450","1,47,115","1,05,194","98.7%","71.9%","78.7%","98.4%","41,893","28.5%","16.1%","12.2%","39.3%","₹1,22,90,882","6.36","₹116.84","6,68,944"
"Gottigere","3,00,019","2,94,940","2,07,613","1,52,938","1,50,833","1,03,696","98.3%","70.4%","73.7%","98.6%","47,109","31.2%","18.5%","12.6%","34.6%","₹1,59,74,289","8.64","₹154.05","8,96,026"
"Sriramamandir","2,52,076","2,49,131","1,79,181","1,48,132","1,46,269","1,03,486","98.8%","71.9%","82.7%","98.7%","42,761","29.2%","16.0%","13.0%","41.1%","₹1,28,12,450","6.83","₹123.81","7,06,740"
"Kushal Nagar","3,37,797","3,28,610","2,60,709","1,55,286","1,54,044","98,575","97.3%","79.3%","59.6%","99.2%","55,442","36.0%","23.2%","12.6%","29.2%","₹1,19,05,539","6.42","₹120.78","6,33,107"
"Marappana Palya","3,02,815","2,99,153","1,94,702","1,54,515","1,52,287","98,410","98.8%","65.1%","79.4%","98.6%","53,849","35.4%","19.7%","15.5%","32.5%","₹1,27,12,960","6.35","₹129.18","6,25,375"
"Hosakerehalli","2,84,701","2,80,732","2,02,753","1,54,921","1,52,408","98,346","98.6%","72.2%","76.4%","98.4%","54,032","35.5%","20.6%","14.7%","34.5%","₹1,28,61,605","7.32","₹130.78","7,19,563"
"T Dasarahalli","3,07,971","3,02,346","2,07,751","1,56,981","1,54,963","96,866","98.2%","68.7%","75.6%","98.7%","58,059","37.5%","22.2%","15.1%","31.5%","₹1,15,24,816","6.40","₹118.98","6,20,029"
"Kammanahalli","3,28,035","3,19,043","2,56,533","1,56,935","1,55,728","96,551","97.3%","80.4%","61.2%","99.2%","59,146","38.0%","24.6%","13.3%","29.4%","₹1,22,52,283","6.82","₹126.90","6,58,555"
"Atturu Layout","2,70,108","2,66,203","1,80,044","1,40,877","1,39,028","96,550","98.6%","67.6%","78.2%","98.7%","42,449","30.5%","18.6%","11.7%","35.7%","₹1,58,30,822","9.39","₹163.97","9,06,853"
"Srinagar","2,40,701","2,37,987","1,67,181","1,36,028","1,33,662","96,210","98.9%","70.2%","81.4%","98.3%","37,414","28.0%","15.7%","12.1%","40.0%","₹1,14,36,450","6.53","₹118.87","6,27,940"
"Hampi Nagar","2,44,281","2,41,740","1,66,256","1,38,667","1,36,514","95,700","99.0%","68.8%","83.4%","98.4%","40,795","29.9%","16.7%","13.0%","39.2%","₹1,22,23,717","7.04","₹127.73","6,74,188"
"Kengeri","2,67,011","2,64,409","1,65,232","1,36,637","1,34,856","95,269","99.0%","62.5%","82.7%","98.7%","39,557","29.3%","17.3%","11.8%","35.7%","₹1,42,64,415","8.52","₹149.73","8,12,017"
"Naganathapura","4,30,150","4,12,683","3,26,438","1,61,718","1,60,090","95,246","95.9%","79.1%","49.5%","99.0%","64,814","40.5%","24.8%","15.6%","22.1%","₹1,84,63,423","10.96","₹193.85","10,44,035"
"Vannarapete","2,95,120","2,87,547","2,37,437","1,42,695","1,41,189","94,931","97.4%","82.6%","60.1%","98.9%","46,232","32.7%","19.7%","12.9%","32.2%","₹1,15,18,271","6.49","₹121.33","6,15,668"
"J P Park","2,75,153","2,69,429","1,99,229","1,38,590","1,36,626","93,366","97.9%","73.9%","69.6%","98.6%","43,236","31.6%","19.9%","11.5%","33.9%","₹1,24,72,332","7.39","₹133.59","6,89,907"
"Ullal","2,38,848","2,36,548","1,53,600","1,31,586","1,29,322","93,344","99.0%","64.9%","85.7%","98.3%","35,948","27.8%","16.3%","11.3%","39.1%","₹1,43,21,607","8.82","₹153.43","8,23,262"
"Vijinapura","3,73,683","3,60,508","2,87,631","1,50,124","1,49,068","93,244","96.5%","79.8%","52.2%","99.3%","55,795","37.4%","25.2%","12.1%","25.0%","₹1,32,95,116","7.67","₹142.58","7,15,509"
"Doddagollarahatti","2,38,116","2,35,836","1,47,896","1,27,490","1,25,536","91,243","99.0%","62.7%","86.2%","98.5%","34,257","27.3%","15.1%","12.1%","38.3%","₹1,43,61,420","9.13","₹157.40","8,32,659"
"Vidyapeeta ward","2,44,799","2,40,997","1,81,395","1,36,895","1,35,226","90,328","98.4%","75.3%","75.5%","98.8%","44,870","33.2%","20.5%","12.5%","36.9%","₹1,07,20,540","6.42","₹118.68","5,79,702"
"Jaraganahalli","2,95,366","2,89,202","2,26,469","1,49,496","1,47,374","89,427","97.9%","78.3%","66.0%","98.6%","57,927","39.3%","24.2%","14.9%","30.3%","₹1,03,02,875","6.12","₹115.21","5,47,084"
"Kadugondanahalli","3,17,131","3,09,413","2,39,834","1,45,871","1,44,448","89,371","97.6%","77.5%","60.8%","99.0%","55,059","38.1%","24.4%","13.6%","28.2%","₹1,08,20,385","6.36","₹121.07","5,68,794"
"Kamakya Nagar","2,66,463","2,61,188","1,99,559","1,33,734","1,31,948","88,078","98.0%","76.4%","67.0%","98.7%","43,845","33.2%","21.2%","11.9%","33.1%","₹1,09,07,707","6.73","₹123.84","5,92,449"
"Dr. Raj Kumar Ward","2,30,036","2,27,491","1,57,804","1,28,981","1,27,258","87,895","98.9%","69.4%","81.7%","98.7%","39,344","30.9%","16.9%","13.8%","38.2%","₹1,10,41,238","6.87","₹125.62","6,03,707"
"Chickpete","4,91,646","4,73,333","3,98,813","2,46,391","2,44,311","87,262","96.3%","84.3%","61.8%","99.2%","1,57,003","64.3%","44.5%","19.6%","17.7%","₹1,47,68,993","9.60","₹169.25","8,38,001"
"Mangammanapalya","3,77,333","3,63,100","2,95,942","1,53,321","1,51,431","87,229","96.2%","81.5%","51.8%","98.8%","64,171","42.4%","26.6%","15.7%","23.1%","₹1,32,77,513","8.27","₹152.21","7,21,731"
"Gali Anjenaya Temple ward","2,85,622","2,82,900","1,73,485","1,39,853","1,38,594","87,105","99.0%","61.3%","80.6%","99.1%","51,468","37.1%","21.1%","15.8%","30.5%","₹1,28,17,933","8.09","₹147.16","7,04,909"
"Marenahalli","2,08,422","2,06,922","1,40,243","1,21,672","1,19,843","87,074","99.3%","67.8%","86.8%","98.5%","32,758","27.3%","14.5%","12.7%","41.8%","₹1,04,76,967","6.58","₹120.32","5,72,999"
"Sagayarapuram","3,05,462","2,95,380","2,43,228","1,40,570","1,39,610","86,502","96.7%","82.3%","57.8%","99.3%","53,074","38.0%","24.0%","13.8%","28.3%","₹98,66,672","5.88","₹114.06","5,08,494"
"Bharathi Nagar","3,75,331","3,62,711","3,04,994","1,61,122","1,59,942","86,440","96.6%","84.1%","52.8%","99.3%","73,468","45.9%","30.7%","15.0%","23.0%","₹1,06,75,578","6.47","₹123.50","5,59,475"
"Nagarabhavi","2,04,688","2,02,645","1,39,267","1,17,955","1,16,052","82,692","99.0%","68.7%","84.7%","98.4%","33,337","28.7%","16.5%","12.1%","40.4%","₹1,11,49,767","7.58","₹134.83","6,26,389"
"Defence Colony","2,88,218","2,81,736","1,93,889","1,37,117","1,35,911","81,912","97.8%","68.8%","70.7%","99.1%","53,979","39.7%","22.0%","17.6%","28.4%","₹94,31,659","6.17","₹115.14","5,05,232"
"Agaram","3,74,677","3,59,228","2,99,262","1,34,448","1,32,902","80,213","95.9%","83.3%","44.9%","98.9%","52,663","39.6%","23.7%","15.8%","21.4%","₹1,06,95,295","7.08","₹133.34","5,67,778"
"Rajaji Nagar","1,98,268","1,96,465","1,31,442","1,12,227","1,10,615","78,875","99.1%","66.9%","85.4%","98.6%","31,715","28.7%","15.4%","13.1%","39.8%","₹99,02,862","6.90","₹125.55","5,44,514"
"Kammagondanahalli","2,24,955","2,19,889","1,56,540","1,12,922","1,11,644","77,436","97.7%","71.2%","72.1%","98.9%","34,181","30.6%","19.1%","11.4%","34.4%","₹1,18,67,172","8.74","₹153.25","6,76,556"
"Gayithri Nagar","1,95,786","1,93,621","1,32,097","1,07,442","1,06,067","75,405","98.9%","68.2%","81.3%","98.7%","30,639","28.9%","15.9%","12.9%","38.5%","₹89,34,859","6.44","₹118.49","4,85,564"
"Veerabhadranagar","2,22,366","2,19,504","1,52,997","1,16,657","1,15,178","73,562","98.7%","69.7%","76.2%","98.7%","41,596","36.1%","20.2%","15.8%","33.1%","₹83,15,805","6.11","₹113.04","4,49,420"
"Srinivasa Nagar","1,79,930","1,78,047","1,24,939","1,01,219","99,789","72,924","99.0%","70.2%","81.0%","98.6%","26,849","26.9%","14.7%","12.0%","40.5%","₹85,66,841","6.42","₹117.48","4,68,198"
"Bommanahalli","3,66,748","3,49,085","2,94,908","1,24,046","1,22,705","72,851","95.2%","84.5%","42.1%","98.9%","49,825","40.6%","26.0%","14.4%","19.9%","₹1,02,55,434","7.55","₹140.77","5,50,326"
"Yelachenahalli","2,47,275","2,42,562","1,85,438","1,24,282","1,22,816","71,573","98.1%","76.4%","67.0%","98.8%","51,218","41.7%","26.6%","14.9%","28.9%","₹88,86,848","6.69","₹124.16","4,79,050"
"Vijayanagara Krishnadevaraya","1,92,919","1,91,001","1,22,778","1,04,024","1,02,557","71,227","99.0%","64.3%","84.7%","98.6%","31,315","30.5%","16.8%","13.6%","36.9%","₹94,17,186","7.44","₹132.21","5,29,965"
"Chowdeswari Ward","2,32,532","2,27,371","1,50,906","1,10,180","1,08,436","70,300","97.8%","66.4%","73.0%","98.4%","38,106","35.1%","21.7%","13.3%","30.2%","₹1,40,16,248","11.58","₹199.38","8,13,788"
"Kadugodi","3,37,579","3,25,288","2,58,141","1,15,748","1,14,530","69,744","96.4%","79.4%","44.8%","98.9%","44,765","39.1%","25.0%","14.0%","20.7%","₹1,24,14,040","9.87","₹177.99","6,88,326"
"Deen Dayalu Ward","2,22,003","2,18,217","1,57,635","1,09,741","1,08,044","68,665","98.3%","72.2%","69.6%","98.5%","39,353","36.4%","22.8%","13.4%","30.9%","₹87,35,937","6.96","₹127.23","4,77,949"
"Chanakya","2,40,491","2,37,857","1,46,064","1,11,546","1,09,467","68,556","98.9%","61.4%","76.4%","98.1%","40,882","37.3%","21.7%","15.5%","28.5%","₹94,39,067","7.58","₹137.68","5,19,769"
"Shivanagara","1,58,041","1,56,661","1,07,856","92,381","91,248","66,431","99.1%","68.8%","85.7%","98.8%","24,801","27.2%","14.5%","12.5%","42.0%","₹80,83,964","6.68","₹121.69","4,43,957"
"Mahalakshimpuram","1,61,822","1,60,165","1,11,736","94,546","93,415","66,148","99.0%","69.8%","84.6%","98.8%","27,245","29.2%","16.5%","12.4%","40.9%","₹80,40,742","6.67","₹121.56","4,41,086"
"Basaveshwara Nagar","1,42,030","1,41,027","97,246","86,565","85,306","63,846","99.3%","69.0%","89.0%","98.5%","21,443","25.1%","13.0%","12.0%","45.0%","₹78,25,925","6.79","₹122.58","4,33,453"
"Banashankari Temple ward","2,35,083","2,31,355","1,61,990","1,08,977","1,07,768","62,913","98.4%","70.0%","67.3%","98.9%","44,831","41.6%","24.7%","16.8%","26.8%","₹67,59,281","5.61","₹107.44","3,53,186"
"Peenya","2,26,531","2,21,947","1,52,774","1,08,935","1,07,196","62,807","98.0%","68.8%","71.3%","98.4%","44,363","41.4%","25.0%","16.2%","27.7%","₹84,09,101","7.47","₹133.89","4,69,127"
"Bagalakunte","2,19,368","2,15,426","1,39,308","97,077","96,125","62,375","98.2%","64.7%","69.7%","99.0%","33,726","35.1%","20.6%","14.4%","28.4%","₹80,32,924","7.01","₹128.78","4,37,068"
"Vidyamanyanagar","1,78,849","1,76,319","1,10,608","90,939","89,068","61,871","98.6%","62.7%","82.2%","97.9%","27,174","30.5%","17.1%","13.3%","34.6%","₹97,96,940","9.19","₹158.34","5,68,633"
"Kamakshipalya","1,41,196","1,40,245","94,896","84,708","83,678","61,266","99.3%","67.7%","89.3%","98.8%","22,399","26.8%","14.3%","12.3%","43.4%","₹78,65,417","7.14","₹128.38","4,37,543"
"Govindaraja Nagar","1,36,246","1,35,345","90,178","80,899","79,611","60,100","99.3%","66.6%","89.7%","98.4%","19,496","24.5%","13.0%","11.3%","44.1%","₹76,96,192","7.14","₹128.06","4,29,006"
"Maruthi Mandir ward","1,43,471","1,42,228","95,214","83,349","81,828","59,637","99.1%","66.9%","87.5%","98.2%","22,172","27.1%","15.1%","11.8%","41.6%","₹75,85,580","7.04","₹127.20","4,19,984"
"Avalahalli","1,67,518","1,65,450","1,15,405","92,239","90,852","58,929","98.8%","69.8%","79.9%","98.5%","31,909","35.1%","20.8%","14.1%","35.2%","₹79,14,467","7.43","₹134.31","4,37,786"
"Nagavara","2,29,138","2,23,401","1,65,706","95,488","94,722","54,794","97.5%","74.2%","57.6%","99.2%","39,914","42.1%","27.7%","14.3%","23.9%","₹66,97,893","6.40","₹122.24","3,50,689"
"Shankar Matt","1,29,611","1,28,502","88,100","75,972","74,913","53,424","99.1%","68.6%","86.2%","98.6%","21,477","28.7%","16.2%","12.3%","41.2%","₹64,50,842","6.67","₹120.75","3,56,508"
"Hosahalli","1,39,092","1,37,289","96,368","79,016","77,731","53,415","98.7%","70.2%","82.0%","98.4%","24,300","31.3%","17.8%","13.3%","38.4%","₹66,32,720","6.86","₹124.17","3,66,325"
"Nelagadderanahalli","1,77,160","1,71,101","1,29,152","82,169","80,848","51,195","96.6%","75.5%","63.6%","98.4%","29,630","36.6%","21.3%","15.2%","28.9%","₹69,44,593","7.59","₹135.65","3,88,627"
"Vijayanagar","1,40,537","1,38,753","95,883","75,951","74,857","51,024","98.7%","69.1%","79.2%","98.6%","23,821","31.8%","18.0%","13.6%","36.3%","₹55,80,919","5.82","₹109.38","2,96,712"
"Dodda Bidarakallu","1,83,014","1,78,742","1,15,752","82,204","80,971","50,960","97.7%","64.8%","71.0%","98.5%","29,992","37.0%","20.6%","16.3%","27.8%","₹80,74,124","9.14","₹158.44","4,65,863"
"Prakash Nagar","1,31,575","1,30,115","90,056","73,457","72,457","49,332","98.9%","69.2%","81.6%","98.6%","23,112","31.9%","18.2%","13.5%","37.5%","₹58,33,790","6.40","₹118.26","3,15,631"
"Chandra Layout","1,31,867","1,30,367","89,884","72,015","70,881","48,385","98.9%","68.9%","80.1%","98.4%","22,478","31.7%","18.4%","13.1%","36.7%","₹62,02,293","7.10","₹128.19","3,43,729"
"Shakthi Ganapathi Nagar","1,08,808","1,07,992","72,959","64,251","63,247","45,866","99.3%","67.6%","88.1%","98.4%","17,359","27.4%","15.4%","11.9%","42.2%","₹57,73,691","6.99","₹125.88","3,20,770"
"Binnipete","1,55,819","1,52,539","1,13,496","78,952","78,224","44,944","97.9%","74.4%","69.6%","99.1%","33,266","42.5%","26.3%","16.0%","28.8%","₹56,18,358","6.80","₹125.01","3,05,745"
"Herohalli","1,18,245","1,17,212","71,329","63,242","62,300","44,176","99.1%","60.9%","88.7%","98.5%","18,109","29.1%","15.5%","13.4%","37.4%","₹64,02,893","8.31","₹144.94","3,67,242"
"Venkateshpura","1,89,233","1,83,553","1,45,836","79,979","79,491","44,021","97.0%","79.5%","54.8%","99.4%","35,456","44.6%","30.6%","13.9%","23.3%","₹49,57,991","5.82","₹112.63","2,56,143"
"Agrahara Dasarahalli","1,04,266","1,03,556","67,699","60,052","59,321","43,567","99.3%","65.4%","88.7%","98.8%","15,747","26.5%","13.7%","12.7%","41.8%","₹57,34,771","7.35","₹131.63","3,20,072"
"Nandini Layout","1,07,584","1,06,464","72,304","60,926","60,039","41,803","99.0%","67.9%","84.3%","98.5%","18,224","30.4%","16.7%","13.5%","38.9%","₹51,99,664","6.91","₹124.38","2,88,796"
"Puneet Rajkumar","1,06,734","1,05,695","71,702","60,191","59,448","40,640","99.0%","67.8%","83.9%","98.8%","18,795","31.6%","17.7%","13.7%","38.1%","₹48,08,338","6.52","₹118.32","2,64,867"
"Ranadheera Kanteerava","1,20,140","1,18,316","77,480","61,797","60,923","40,118","98.5%","65.5%","79.8%","98.6%","20,791","34.1%","19.2%","14.7%","33.4%","₹47,46,827","6.49","₹118.32","2,60,351"
"Cottonpete","1,75,933","1,70,478","1,32,836","83,662","82,903","40,039","96.9%","77.9%","63.0%","99.1%","42,851","51.7%","33.4%","18.1%","22.8%","₹53,52,483","7.37","₹133.68","2,95,048"
"Rajagopal Nagar","1,20,851","1,17,919","83,770","59,990","59,274","39,604","97.6%","71.0%","71.6%","98.8%","19,661","33.2%","19.3%","13.8%","32.8%","₹51,59,246","7.27","₹130.27","2,87,767"
"Hongasandra","1,60,545","1,54,278","1,25,392","62,690","62,041","36,522","96.1%","81.3%","50.0%","99.0%","25,510","41.1%","26.4%","14.6%","22.7%","₹54,21,300","8.12","₹148.44","2,96,628"
"Azad Nagar","1,10,043","1,07,770","79,417","57,191","56,493","34,471","97.9%","73.7%","72.0%","98.8%","22,000","38.9%","25.3%","13.5%","31.3%","₹41,34,417","6.57","₹119.94","2,26,430"
"Dayananda Nagar","94,063","92,493","67,827","51,986","51,485","34,067","98.3%","73.3%","76.6%","99.0%","17,409","33.8%","19.8%","13.8%","36.2%","₹37,97,305","6.01","₹111.47","2,04,815"
"Nayandahalli","1,08,435","1,06,915","69,495","52,630","52,039","32,555","98.6%","65.0%","75.7%","98.9%","19,469","37.4%","21.5%","15.7%","30.0%","₹45,79,061","7.83","₹140.66","2,54,940"
"Mudalapalya","82,437","81,834","51,632","44,916","44,264","30,415","99.3%","63.1%","87.0%","98.5%","13,839","31.3%","17.2%","13.9%","36.9%","₹38,01,456","6.92","₹124.99","2,10,480"
"Jai Maruthinagara","82,740","81,856","55,625","45,611","44,904","29,284","98.9%","68.0%","82.0%","98.4%","15,612","34.8%","20.8%","13.8%","35.4%","₹34,19,231","6.40","₹116.76","1,87,562"
"Mallasandra","91,314","89,196","64,382","44,178","43,595","28,548","97.7%","72.2%","68.6%","98.7%","15,039","34.5%","21.3%","13.0%","31.3%","₹35,18,658","6.77","₹123.25","1,93,308"
"Sunkadakatte","84,385","83,183","53,531","43,804","43,247","28,061","98.6%","64.4%","81.8%","98.7%","15,171","35.1%","19.9%","15.0%","33.3%","₹36,24,921","7.19","₹129.18","2,01,762"
"Veera Sindhura Lakshamana","83,608","82,377","53,220","42,300","41,630","27,108","98.5%","64.6%","79.5%","98.4%","14,515","34.9%","19.7%","15.0%","32.4%","₹33,36,389","6.83","₹123.08","1,85,011"
"Muneshwara Nagar","1,16,360","1,13,358","85,939","48,628","48,304","26,381","97.4%","75.8%","56.6%","99.3%","21,911","45.4%","29.7%","15.4%","22.7%","₹31,24,534","6.22","₹118.44","1,64,214"
"Kaveripura","71,676","70,732","47,518","38,906","38,532","24,471","98.7%","67.2%","81.9%","99.0%","14,060","36.5%","22.1%","14.2%","34.1%","₹32,99,369","7.57","₹134.83","1,85,186"
"Hegganahalli","74,477","73,304","48,019","37,846","37,319","23,829","98.4%","65.5%","78.8%","98.6%","13,483","36.1%","21.0%","14.9%","32.0%","₹31,71,344","7.44","₹133.09","1,77,311"
"Vrisabhavathi Nagar","66,789","66,071","42,360","35,204","34,789","22,502","98.9%","64.1%","83.1%","98.8%","12,279","35.3%","21.0%","14.1%","33.7%","₹27,51,466","6.75","₹122.28","1,51,985"
"Rajeshwari Nagar","71,610","70,281","45,532","35,223","34,547","22,060","98.1%","64.8%","77.4%","98.1%","12,478","36.1%","21.1%","14.9%","30.8%","₹26,72,984","6.69","₹121.17","1,47,535"
"S K Garden","99,366","96,173","76,312","39,342","39,150","21,014","96.8%","79.3%","51.6%","99.5%","18,123","46.3%","31.4%","14.7%","21.1%","₹25,79,460","6.48","₹122.75","1,36,101"
"Jagajivanaram Nagar","72,393","70,826","51,690","35,734","35,276","18,910","97.8%","73.0%","69.1%","98.7%","16,362","46.4%","29.2%","17.1%","26.1%","₹25,24,789","7.40","₹133.52","1,39,923"
"Chalavadipalya","67,969","66,172","48,505","31,520","31,275","17,502","97.4%","73.3%","65.0%","99.2%","13,763","44.0%","27.7%","16.1%","25.7%","₹23,09,292","7.21","₹131.94","1,26,275"
"Lakshmi Devi Nagar","49,693","49,057","31,698","25,720","25,398","16,502","98.7%","64.6%","81.1%","98.7%","8,891","35.0%","20.6%","14.3%","33.2%","₹20,15,234","6.74","₹122.12","1,11,198"
"Bapuji Nagar","58,782","57,860","39,734","29,011","28,794","14,801","98.4%","68.7%","73.0%","99.3%","13,988","48.6%","33.2%","15.2%","25.2%","₹18,31,558","6.70","₹123.75","99,196"
"Padarayanapura","60,221","58,945","41,950","27,942","27,570","14,174","97.9%","71.2%","66.6%","98.7%","13,387","48.6%","30.2%","18.2%","23.5%","₹19,91,125","7.62","₹140.48","1,08,059"
"Kempapura Agrahara","44,529","43,726","29,973","21,612","21,422","12,286","98.2%","68.5%","72.1%","99.1%","9,133","42.6%","26.5%","16.0%","27.6%","₹14,31,519","6.31","₹116.52","77,502"
"Devaraj Urs Nagar","53,349","52,209","36,719","24,720","24,449","11,536","97.9%","70.3%","67.3%","98.9%","12,909","52.8%","34.2%","18.4%","21.6%","₹15,03,192","7.03","₹130.30","81,062"
"Devara Jeevanahalli","36,482","35,216","27,610","13,903","13,836","5,618","96.5%","78.4%","50.4%","99.5%","8,215","59.4%","44.0%","15.2%","15.4%","₹7,69,473","7.36","₹136.97","41,367"
"Bangalore Total","17,37,60,347","16,71,43,955","13,57,92,424","7,43,50,872","7,34,11,047","4,67,00,560","96.2%","81.2%","54.8%","98.7%","2,66,94,834","36.4%","22.1%","14.2%","26.9%","₹6,73,76,39,168","7.79","₹144.27","36,39,14,406"